{
	"name": "cisco_firewall",
	"expandable": false,
	"uri": "http://controller:9292/v2/images/6dc7b8af-3b92-4683-9400-ba40420c784b",
    "uri-type": "remote-file",
	"vnf-type": "virtual-machine-kvm",
	"functional-capability": "firewall",
	"memory-size": 2048,
	"root-file-system-size": 40,
	"ephemeral-file-system-size": 0,
	"swap-disk-size": 0,
	"CPUrequirements": {
		"platformType": "x86",
		"socket": [
			{
				"coreNumbers": 1
			}
		]
	},
	"ports": [
		{
            "position": "0-0",
			"label": "User",
			"min": "1",
			"ipv4-config": "none",
      		"ipv6-config": "none",
      		"name": "eth"
		},
		{
			"position": "1-1",
			"label": "WAN",
			"min": "1",
			"ipv4-config": "none",
      		"ipv6-config": "none",
      		"name": "eth"
		}
	]
}