{
	"name": "nobody_switch",
	"expandable": false,
	"uri": "http://controller:9292/v2/images/c476ae2d-89bd-4c02-82ad-d99d4b21499c",
    "uri-type": "remote-file",
	"vnf-type": "virtual-machine-kvm",
	"functional-capability": "switch",
	"memory-size": 2048,
	"root-file-system-size": 40,
	"ephemeral-file-system-size": 0,
	"swap-disk-size": 0,
	"CPUrequirements": {
		"platformType": "x86",
		"socket": [
			{
				"coreNumbers": 1
			}
		]
	},
	"ports": [
		{
			"position": "0-N",
			"label": "L2Port",
			"min": "1",
			"ipv4-config": "none",
      		"ipv6-config": "none",
      		"name": "eth"


		}
	]
		
}


