{
	"name": "nobody_captive_portal",
	"expandable": false,
	"uri": "http://controller:9292/v2/images/11434472-1d7a-440c-b3b0-b9afb586d475",
	"uri-type": "remote-file",
	"vnf-type": "virtual-machine-kvm",
	"functional-capability": "captive_portal",
	"memory-size": 2048,
	"root-file-system-size": 40,
	"ephemeral-file-system-size": 0,
	"swap-disk-size": 0,
	"CPUrequirements": {
		"platformType": "x86",
		"socket": [
			{
				"coreNumbers": 1
			}
		]
	},
	"ports": [
				{
			"position": "0-1",
			"label": "inout",
			"min": "1",
			"ipv4-config": "static",
      		"ipv6-config": "none",
      		"name": "eth"
		}
	]
}
