{
	"name": "nobody_sdn",
	"expandable": false,
	"uri": "http://controller:9292/v2/images/1ae0d7b3-aecf-43f1-ade9-5940b953f5ec",
	"uri-type": "remote-file",
	"vnf-type": "virtual-machine-kvm",
	"functional-capability": "ip_forger",
	"memory-size": 2048,
	"root-file-system-size": 40,
	"ephemeral-file-system-size": 0,
	"swap-disk-size": 0,
	"CPUrequirements": {
		"platformType": "x86",
		"socket": [
			{
				"coreNumbers": 1
			}
		]
	},
	"ports": [
		{
			"position": "0-0",
			"label": "inout",
			"min": "1",
			"ipv4-config": "static",
      		"ipv6-config": "none",
      		"name": "eth"


		}
	]		
}